<?xml version="1.0" encoding="UTF-8" standalone="yes"?>
<ns2:kml xmlns:ns2="http://www.opengis.net/kml/2.2">
    <elements>
        <lowerCaseClassName>linearring</lowerCaseClassName>
        <nameInKmlFile>LienarRing</nameInKmlFile>
    </elements>
    <elements>
        <lowerCaseClassName>altitudemode</lowerCaseClassName>
        <nameInKmlFile>altitudeMode</nameInKmlFile>
    </elements>
    <elements>
        <lowerCaseClassName>timespan</lowerCaseClassName>
        <nameInKmlFile>TimeSpan</nameInKmlFile>
    </elements>
    <elements>
        <lowerCaseClassName>lookat</lowerCaseClassName>
        <nameInKmlFile>LookAt</nameInKmlFile>
    </elements>
    <elements>
        <lowerCaseClassName>screenoverlay</lowerCaseClassName>
        <nameInKmlFile>ScreenOverlay</nameInKmlFile>
    </elements>
    <elements>
        <lowerCaseClassName>groundoverlay</lowerCaseClassName>
        <nameInKmlFile>GroundOverlay</nameInKmlFile>
    </elements>
    <elements>
        <lowerCaseClassName>placemark</lowerCaseClassName>
        <nameInKmlFile>Placemark</nameInKmlFile>
    </elements>
    <elements>
        <lowerCaseClassName>stylemap</lowerCaseClassName>
        <nameInKmlFile>StyleMap</nameInKmlFile>
    </elements>
    <elements>
        <lowerCaseClassName>folder</lowerCaseClassName>
        <nameInKmlFile>Folder</nameInKmlFile>
    </elements>
    <elements>
        <lowerCaseClassName>linestring</lowerCaseClassName>
        <nameInKmlFile>LineString</nameInKmlFile>
    </elements>
    <elements>
        <lowerCaseClassName>kml</lowerCaseClassName>
        <nameInKmlFile>kml</nameInKmlFile>
    </elements>
    <elements>
        <lowerCaseClassName>camera</lowerCaseClassName>
        <nameInKmlFile>Camera</nameInKmlFile>
    </elements>
    <elements>
        <lowerCaseClassName>document</lowerCaseClassName>
        <nameInKmlFile>Document</nameInKmlFile>
    </elements>
    <elements>
        <lowerCaseClassName>style</lowerCaseClassName>
        <nameInKmlFile>Style</nameInKmlFile>
    </elements>
    <elements>
        <lowerCaseClassName>networklink</lowerCaseClassName>
        <nameInKmlFile>NetworkLink</nameInKmlFile>
    </elements>
    <elements>
        <lowerCaseClassName>photooverlay</lowerCaseClassName>
        <nameInKmlFile>PhotoOverlay</nameInKmlFile>
    </elements>
    <elements>
        <lowerCaseClassName>model</lowerCaseClassName>
        <nameInKmlFile>Model</nameInKmlFile>
    </elements>
    <elements>
        <lowerCaseClassName>multigeometry</lowerCaseClassName>
        <nameInKmlFile>MultiGeometry</nameInKmlFile>
    </elements>
    <elements>
        <lowerCaseClassName>timestamp</lowerCaseClassName>
        <nameInKmlFile>TimeStamp</nameInKmlFile>
    </elements>
    <elements>
        <lowerCaseClassName>polygon</lowerCaseClassName>
        <nameInKmlFile>Polygon</nameInKmlFile>
    </elements>
    <elements>
        <lowerCaseClassName>point</lowerCaseClassName>
        <nameInKmlFile>Point</nameInKmlFile>
    </elements>
</ns2:kml>
